<?xml version="1.0"?>
<mavlink>
  <include>common.xml</include>
  <dialect>0</dialect>
  <messages>
    <message id="442" name="KAMIKAZE_NAV">
      <description>Kamikaze visualization data for QGC.</description>
      <field type="uint64_t" name="timestamp">Time since system start (microseconds)</field>
      <field type="float" name="exit_lat">Exit latitude [deg]</field>
      <field type="float" name="exit_lon">Exit longitude [deg]</field>
      <field type="float" name="loiter_lat">Loiter latitude [deg]</field>
      <field type="float" name="loiter_lon">Loiter longitude [deg]</field>
      <field type="uint8_t" name="kamikaze_status">Current phase of kamikaze navigation</field>
    </message>
    <message id="443" name="TARGET_LOCATION_XY">
      <description>Target location xy on image</description>
      <field type="uint64_t" name="timestamp">Time since system start (microseconds)</field>
      <field type="float" name="target_x">Target x</field>
      <field type="float" name="target_y">Target y</field>
    </message>
  </messages>
</mavlink>
